symbol,timestamp,open,high,low,close,volume,currency
005930,2026-04-01T00:00:00+09:00,71000,71600,70400,70800,14200000,KRW
005930,2026-04-02T00:00:00+09:00,70800,71100,70000,70400,13800000,KRW
005930,2026-04-03T00:00:00+09:00,70400,70700,69600,70000,15100000,KRW
005930,2026-04-06T00:00:00+09:00,70000,70200,69200,69600,14900000,KRW
005930,2026-04-07T00:00:00+09:00,69600,69800,69000,69400,13300000,KRW
005930,2026-04-08T00:00:00+09:00,69400,69900,69100,69700,12700000,KRW
005930,2026-04-09T00:00:00+09:00,69700,70100,69300,69900,13000000,KRW
005930,2026-04-10T00:00:00+09:00,69900,70300,69500,70100,12500000,KRW
005930,2026-04-13T00:00:00+09:00,70100,70600,69900,70400,13600000,KRW
005930,2026-04-14T00:00:00+09:00,70400,70800,70000,70600,12900000,KRW
005930,2026-04-15T00:00:00+09:00,70600,71000,70200,70900,14100000,KRW
005930,2026-04-16T00:00:00+09:00,70900,71400,70500,71200,14300000,KRW
005930,2026-04-17T00:00:00+09:00,71200,71800,70900,71600,15500000,KRW
005930,2026-04-20T00:00:00+09:00,71600,72200,71300,72000,15800000,KRW
005930,2026-04-21T00:00:00+09:00,72000,72500,71600,72300,16000000,KRW
005930,2026-04-22T00:00:00+09:00,72300,72900,71900,72700,16400000,KRW
005930,2026-04-23T00:00:00+09:00,72700,73300,72400,73100,16600000,KRW
005930,2026-04-24T00:00:00+09:00,73100,73700,72800,73500,17000000,KRW
005930,2026-04-27T00:00:00+09:00,73500,73900,73000,73200,16100000,KRW
005930,2026-04-28T00:00:00+09:00,73200,73600,72800,73400,14800000,KRW
005930,2026-04-29T00:00:00+09:00,73400,74100,73100,73900,17200000,KRW
005930,2026-04-30T00:00:00+09:00,73900,74600,73600,74400,18100000,KRW
005930,2026-05-04T00:00:00+09:00,74400,75200,74100,74900,18600000,KRW
005930,2026-05-06T00:00:00+09:00,74900,75500,74500,75100,17800000,KRW
005930,2026-05-07T00:00:00+09:00,75100,75400,74600,74800,15000000,KRW
005930,2026-05-08T00:00:00+09:00,74800,75000,74200,74400,14500000,KRW
005930,2026-05-11T00:00:00+09:00,74400,74700,73900,74100,13900000,KRW
005930,2026-05-12T00:00:00+09:00,74100,74600,73800,74300,13200000,KRW
005930,2026-05-13T00:00:00+09:00,74300,75100,74000,74900,15400000,KRW
005930,2026-05-14T00:00:00+09:00,74900,75800,74700,75600,16900000,KRW
005930,2026-05-15T00:00:00+09:00,75600,76400,75200,76100,17500000,KRW
005930,2026-05-18T00:00:00+09:00,76100,76800,75800,76400,16800000,KRW
005930,2026-05-19T00:00:00+09:00,76400,77200,76100,77000,18100000,KRW
005930,2026-05-20T00:00:00+09:00,77000,77900,76700,77600,19000000,KRW
005930,2026-05-21T00:00:00+09:00,77600,78100,77100,77400,15800000,KRW
005930,2026-05-22T00:00:00+09:00,77400,78200,77200,77900,16400000,KRW
AAPL,2026-04-01T00:00:00+09:00,188.0,190.1,186.3,187.2,55200000,USD
AAPL,2026-04-02T00:00:00+09:00,187.1,188.5,184.9,185.7,58100000,USD
AAPL,2026-04-03T00:00:00+09:00,185.5,187.6,184.1,186.4,53500000,USD
AAPL,2026-04-06T00:00:00+09:00,186.2,189.0,185.8,188.6,49800000,USD
AAPL,2026-04-07T00:00:00+09:00,188.7,191.3,187.9,190.8,52100000,USD
AAPL,2026-04-08T00:00:00+09:00,190.6,192.8,189.4,191.9,48900000,USD
AAPL,2026-04-09T00:00:00+09:00,191.8,193.1,190.2,192.5,46300000,USD
AAPL,2026-04-10T00:00:00+09:00,192.2,193.0,189.9,190.4,51200000,USD
AAPL,2026-04-13T00:00:00+09:00,190.2,191.4,187.5,188.1,59900000,USD
AAPL,2026-04-14T00:00:00+09:00,188.2,190.7,187.8,189.9,50600000,USD
AAPL,2026-04-15T00:00:00+09:00,190.0,192.0,189.1,191.5,47000000,USD
AAPL,2026-04-16T00:00:00+09:00,191.4,194.4,190.9,193.8,48800000,USD
AAPL,2026-04-17T00:00:00+09:00,193.7,195.6,192.7,194.9,49200000,USD
AAPL,2026-04-20T00:00:00+09:00,195.0,197.1,193.4,196.5,50500000,USD
AAPL,2026-04-21T00:00:00+09:00,196.3,198.4,195.6,197.9,49800000,USD
AAPL,2026-04-22T00:00:00+09:00,197.8,199.7,196.1,198.8,51000000,USD
AAPL,2026-04-23T00:00:00+09:00,198.9,200.2,196.9,197.4,54500000,USD
AAPL,2026-04-24T00:00:00+09:00,197.2,198.1,194.8,195.6,57200000,USD
AAPL,2026-04-27T00:00:00+09:00,195.5,197.6,194.0,196.9,53600000,USD
AAPL,2026-04-28T00:00:00+09:00,196.8,199.3,195.9,198.7,52100000,USD
AAPL,2026-04-29T00:00:00+09:00,198.8,201.2,197.8,200.5,50600000,USD
AAPL,2026-04-30T00:00:00+09:00,200.4,203.0,199.6,202.2,51800000,USD
AAPL,2026-05-04T00:00:00+09:00,202.1,204.5,201.3,203.6,50100000,USD
AAPL,2026-05-06T00:00:00+09:00,203.5,205.9,202.8,205.1,49300000,USD
AAPL,2026-05-07T00:00:00+09:00,205.0,207.2,203.4,206.8,51600000,USD
AAPL,2026-05-08T00:00:00+09:00,206.7,208.1,204.9,205.7,53800000,USD
AAPL,2026-05-11T00:00:00+09:00,205.5,206.6,202.6,203.1,59000000,USD
AAPL,2026-05-12T00:00:00+09:00,203.0,204.5,201.2,202.8,56000000,USD
AAPL,2026-05-13T00:00:00+09:00,202.9,205.6,202.1,204.9,52400000,USD
AAPL,2026-05-14T00:00:00+09:00,204.8,208.4,204.0,207.6,54300000,USD
AAPL,2026-05-15T00:00:00+09:00,207.4,210.3,206.8,209.8,55700000,USD
AAPL,2026-05-18T00:00:00+09:00,209.7,212.1,208.5,211.3,53200000,USD
AAPL,2026-05-19T00:00:00+09:00,211.1,213.8,210.4,213.0,54800000,USD
AAPL,2026-05-20T00:00:00+09:00,213.0,215.4,211.9,214.6,55100000,USD
AAPL,2026-05-21T00:00:00+09:00,214.5,216.2,212.7,213.5,56600000,USD
AAPL,2026-05-22T00:00:00+09:00,213.3,217.0,212.9,216.2,57400000,USD
SOXL,2026-05-06T13:00:00.000+09:00,157.84,166,149.0617,165.85,65579223,USD
SOXL,2026-05-07T13:00:00.000+09:00,162.115,162.9,147.61,152.1,72375207,USD
SOXL,2026-05-08T13:00:00.000+09:00,163,177.5,161.51,176.94,47016488,USD
SOXL,2026-05-11T13:00:00.000+09:00,181,191.2899,178.94,190.42,50495958,USD
SOXL,2026-05-12T13:00:00.000+09:00,177.62,182.2399,150.58,172.52,91705572,USD
SOXL,2026-05-13T13:00:00.000+09:00,183.835,188.488,172.26,184.24,59522250,USD
SOXL,2026-05-14T13:00:00.000+09:00,182.67,189.56,178.2775,186.19,43318951,USD
SOXL,2026-05-15T13:00:00.000+09:00,167,174.4,161.1402,164.18,62126569,USD
SOXL,2026-05-18T13:00:00.000+09:00,172.95,174.61,142.69,151.75,75610474,USD
SOXL,2026-05-19T13:00:00.000+09:00,141.24,160.6,135.02,151.89,85384026,USD
SOXL,2026-05-20T13:00:00.000+09:00,161,173.7,161,173.2,58913172,USD
SOXL,2026-05-21T13:00:00.000+09:00,171.26,179.97,168.23,178.39,52278678,USD
SOXL,2026-05-22T13:00:00.000+09:00,184.8,195.27,183.34,190.56,45133031,USD
SOXL,2026-05-26T13:00:00.000+09:00,211.38,228.5,209.89,225.79,52532952,USD
SOXL,2026-05-27T13:00:00.000+09:00,242.66,242.66,204,217.98,74732725,USD
SOXL,2026-05-28T13:00:00.000+09:00,219,231.89,207.56,224.63,47153520,USD
SOXL,2026-05-29T13:00:00.000+09:00,231.82,239.07,218.56,224.34,37035732,USD
SOXL,2026-06-01T13:00:00.000+09:00,217.265,234.06,210.14,227.03,37499579,USD
SOXL,2026-06-02T13:00:00.000+09:00,243.18,267.08,238.8233,266.32,42799670,USD
SOXL,2026-06-03T13:00:00.000+09:00,281.47,284.58,257.26,280.54,49817248,USD
SOXL,2026-06-04T13:00:00.000+09:00,242.04,274.5,228.55,262.7,59036010,USD
SOXL,2026-06-05T13:00:00.000+09:00,230.8482,233.69,181.81,182.54,108280347,USD
SOXL,2026-06-08T13:00:00.000+09:00,210.62,222.19,201.69,211.44,68180491,USD
SOXL,2026-06-09T13:00:00.000+09:00,227.055,231.02,157.561,201.68,124754262,USD
SOXL,2026-06-10T13:00:00.000+09:00,191.54,212.99,177.3001,180.65,94924150,USD
SOXL,2026-06-11T13:00:00.000+09:00,192.3,225.63,192.3,223.99,72493397,USD
SOXL,2026-06-12T13:00:00.000+09:00,222.22,242.4,214.7406,234.68,50419140,USD
SOXL,2026-06-15T13:00:00.000+09:00,265.99,274.88,261.6019,272.5,39914100,USD
SOXL,2026-06-16T13:00:00.000+09:00,267.13,274.9297,226,226.19,54771901,USD
SOXL,2026-06-17T13:00:00.000+09:00,247.42,259.79,233.3,233.86,49127336,USD
SOXL,2026-06-18T13:00:00.000+09:00,266.035,286.1526,265,279.29,49319835,USD
SOXL,2026-06-22T13:00:00.000+09:00,299.26,302,286.2401,300.77,36399596,USD
SOXL,2026-06-23T13:00:00.000+09:00,236,252.98,223,231.42,70699684,USD
SOXL,2026-06-24T13:00:00.000+09:00,233.11,237,211.13,229.57,57018526,USD
SOXL,2026-06-25T13:00:00.000+09:00,268.05,268.4,225.7441,252.61,58209559,USD
SOXL,2026-06-26T13:00:00.000+09:00,226.24,231.25,212.1,215.6,51987371,USD
SOXL,2026-06-29T13:00:00.000+09:00,216.36,238.6533,192.3,236.52,48952648,USD
SOXL,2026-06-30T13:00:00.000+09:00,241.45,272,240.59,266.71,36721034,USD
SOXL,2026-07-01T13:00:00.000+09:00,237.785,246.47,215.3807,217.55,60156291,USD
SOXL,2026-07-02T13:00:00.000+09:00,206.31,233,202,230.01,2612882,USD
SOXS,2026-05-06T13:00:00.000+09:00,10.43,11.14,9.8,9.81,334545797,USD
SOXS,2026-05-07T13:00:00.000+09:00,10.02,10.88,9.97,10.6,288873249,USD
SOXS,2026-05-08T13:00:00.000+09:00,9.86,9.97,8.84,8.85,313191577,USD
SOXS,2026-05-11T13:00:00.000+09:00,8.65,8.77,8.15,8.2,300724041,USD
SOXS,2026-05-12T13:00:00.000+09:00,8.745,9.91,8.55,8.95,519903908,USD
SOXS,2026-05-13T13:00:00.000+09:00,8.38,8.98,8.14,8.35,356084027,USD
SOXS,2026-05-14T13:00:00.000+09:00,8.43,8.63,8.12,8.27,254923228,USD
SOXS,2026-05-15T13:00:00.000+09:00,9.13,9.39,8.8,9.23,402809631,USD
SOXS,2026-05-18T13:00:00.000+09:00,8.77,10.47,8.68,9.95,411464789,USD
SOXS,2026-05-19T13:00:00.000+09:00,10.6403,11.07,9.37,9.93,539187825,USD
SOXS,2026-05-20T13:00:00.000+09:00,9.3,9.35,8.51,8.54,282843433,USD
SOXS,2026-05-21T13:00:00.000+09:00,8.645,8.78,8.21,8.29,257177072,USD
SOXS,2026-05-22T13:00:00.000+09:00,8,8.06,7.5,7.73,282538290,USD
SOXS,2026-05-26T13:00:00.000+09:00,6.9,6.95,6.19,6.29,403682973,USD
SOXS,2026-05-27T13:00:00.000+09:00,5.83,6.91,5.83,6.53,537307287,USD
SOXS,2026-05-28T13:00:00.000+09:00,6.49,6.83,6.1,6.31,353107771,USD
SOXS,2026-05-29T13:00:00.000+09:00,6.11,6.49,5.9107,6.33,307719259,USD
SOXS,2026-06-01T13:00:00.000+09:00,6.55,6.74,6.05,6.26,330691120,USD
SOXS,2026-06-02T13:00:00.000+09:00,5.8,5.93,5.15,5.17,480499977,USD
SOXS,2026-06-03T13:00:00.000+09:00,4.88,5.35,4.82,4.91,634419379,USD
SOXS,2026-06-04T13:00:00.000+09:00,5.57,5.81,5,5.2,665759481,USD
SOXS,2026-06-05T13:00:00.000+09:00,5.855,6.85,5.79,6.84,972691540,USD
SOXS,2026-06-08T13:00:00.000+09:00,5.71,6.05,5.27,5.69,805658011,USD
SOXS,2026-06-09T13:00:00.000+09:00,5.25,7.11,5.14,5.93,1388857313,USD
SOXS,2026-06-10T13:00:00.000+09:00,6.24,6.65,5.6,6.57,1208896315,USD
SOXS,2026-06-11T13:00:00.000+09:00,6.1,6.1,4.9,4.97,910107999,USD
SOXS,2026-06-12T13:00:00.000+09:00,5.01,5.15,4.54,4.72,634811414,USD
SOXS,2026-06-15T13:00:00.000+09:00,4.07,4.17,3.91,3.95,465685236,USD
SOXS,2026-06-16T13:00:00.000+09:00,4.025,4.65,3.91,4.63,616261049,USD
SOXS,2026-06-17T13:00:00.000+09:00,4.17,4.46,3.92,4.46,659399867,USD
SOXS,2026-06-18T13:00:00.000+09:00,3.855,3.865,3.45,3.59,711156752,USD
SOXS,2026-06-22T13:00:00.000+09:00,3.33,3.49,3.29,3.3,475787323,USD
SOXS,2026-06-23T13:00:00.000+09:00,3.99,4.13,3.8,4.04,886247232,USD
SOXS,2026-06-24T13:00:00.000+09:00,4,4.39,3.92,4.08,826300285,USD
SOXS,2026-06-25T13:00:00.000+09:00,3.38,4.15,3.37,3.63,786942808,USD
SOXS,2026-06-26T13:00:00.000+09:00,4.035,4.25,3.95,4.24,688017746,USD
SOXS,2026-06-29T13:00:00.000+09:00,4.1597,4.63,3.7,3.72,778766089,USD
SOXS,2026-06-30T13:00:00.000+09:00,3.66,3.68,3.17,3.24,585213055,USD
SOXS,2026-07-01T13:00:00.000+09:00,3.5903,3.89,3.51,3.86,689503755,USD
SOXS,2026-07-02T13:00:00.000+09:00,3.81,4.15,3.59,3.65,57840731,USD
